{
  "version": 1,
  "author": "The Bin - Hack Club",
  "editor": "wokwi",
  "parts": [
    { "type": "board-pi-pico-w", "id": "pico", "top": 159.95, "left": -207.65, "attrs": {} },
    {
      "type": "wokwi-mpu6050",
      "id": "wokwi-mpu6050-0",
      "top": 167.02,
      "left": -372.08,
      "attrs": {}
    },
    { "type": "wokwi-servo", "id": "wokwi-servo-0", "top": 151.6, "left": 0, "attrs": {} },
    {
      "type": "wokwi-stepper-motor",
      "id": "stepper1",
      "top": -15.59,
      "left": -546.77,
      "attrs": { "size": "17" }
    },
    { "type": "wokwi-a4988", "id": "drv1", "top": 312, "left": -552, "attrs": {} },
    {
      "type": "board-ssd1306",
      "id": "oled1",
      "top": 22.34,
      "left": -47.77,
      "attrs": { "i2cAddress": "0x3c" }
    }
  ],
  "connections": [
    [ "pico:GP0", "$serialMonitor:RX", "", [] ],
    [ "pico:GP1", "$serialMonitor:TX", "", [] ],
    [ "wokwi-mpu6050-0:GND", "pico:GND.8", "black", [ "v-28.8", "h201.68", "v9.6" ] ],
    [ "wokwi-servo-0:GND", "pico:GND.8", "black", [ "h0", "v-19.2" ] ],
    [ "wokwi-servo-0:V+", "pico:VBUS", "red", [ "h-76.8", "v-38.3" ] ],
    [ "wokwi-mpu6050-0:VCC", "pico:VBUS", "red", [ "v-48", "h163.28", "v0", "h288" ] ],
    [ "wokwi-servo-0:PWM", "pico:GP20", "green", [ "h-9.6", "v77" ] ],
    [ "drv1:1B", "stepper1:B-", "green", [ "h0" ] ],
    [ "drv1:1A", "stepper1:B+", "gold", [ "h0" ] ],
    [ "drv1:2A", "stepper1:A+", "orange", [ "h0" ] ],
    [ "drv1:2B", "stepper1:A-", "#8f4814", [ "h0" ] ],
    [ "drv1:RESET", "drv1:SLEEP", "black", [ "h-9.6", "v9.6" ] ],
    [ "drv1:STEP", "pico:GP15", "yellow", [ "h-28.8", "v67.2", "h268.8" ] ],
    [ "drv1:DIR", "pico:GP14", "cyan", [ "h-9.6", "v28.8", "h336", "v-67.2" ] ],
    [ "drv1:VMOT", "pico:VBUS", "red", [ "h96.15", "v-211.12", "h268.8" ] ],
    [ "drv1:VDD", "pico:VBUS", "red", [ "h86.55", "v-287.92", "h278.4", "v76.8" ] ],
    [ "wokwi-mpu6050-0:SCL", "pico:GP5", "green", [ "v-19.2", "h67.28", "v76.8" ] ],
    [ "pico:GP4", "wokwi-mpu6050-0:SDA", "green", [ "h-38.4", "v-86.4", "h-86.4" ] ],
    [ "oled1:VCC", "pico:VBUS", "red", [ "v-9.6", "h-134.25", "v144" ] ],
    [ "oled1:SDA", "pico:GP6", "orange", [ "v-38.4", "h-287.93", "v259.2", "h57.6" ] ],
    [ "pico:GP7", "oled1:SCL", "violet", [ "h-57.6", "v-220.8", "h124.8", "v-38.4", "h144" ] ],
    [ "oled1:GND", "pico:GND.8", "black", [ "v-19.2", "h-57.6", "v182.4" ] ]
  ],
  "dependencies": {}
}